project_name,correlation_coefficient,p_value
gnutls,-0.787916495709356,1.2253133422087144e-59
php,-0.7068530315110199,7.355197799717828e-39
fetchmail,-0.8193234585108604,2.3114220346270326e-27
otrs,-0.708037639816702,1.024327263750466e-26
poppler,-0.7130457197408852,1.6867909353287447e-23
cups,-0.7653511901552796,2.1563636343224624e-16
openldap,-0.5435185440258874,1.304750277124339e-15
owncloud,-0.6690900162834157,1.5126737378509663e-14
nagios,-0.7922178104291334,2.1330576247373922e-13
kerberos,-0.681042831177691,1.3945298770606009e-12
pidgin,0.6748521952413036,3.5974856508797847e-12
typo3,0.39226022862601967,2.507373031572969e-11
tor,-0.5058356017926052,1.309878723084406e-09
struts,-0.5528716958380986,4.306590075886818e-09
python,-0.5527659689850949,9.189655389539111e-09
samba,-0.3119413250642431,2.764737104678553e-08
libcurl,0.44452923114083176,1.1687869067766908e-07
django,-0.44502628463848665,5.578986074277322e-07
freebsd,-0.547373465868871,1.1325597730157875e-06
openssl,-0.3990810606916452,2.561177696590816e-06
qemu,-0.49649162420391973,3.2623822172758194e-06
plone,0.4981337786309071,4.02821075774883e-06
moodle,-0.31518991960874787,4.903190934970247e-06
xen,0.5633520255041494,1.6776612608338576e-05
puppet,0.42983587905926435,5.005834644847901e-05
openshift,-0.9821486446043529,8.099642942243145e-05
groupware,-0.6355828975678808,9.277691565019925e-05
ec-cube,-0.5408561405318059,0.00010418549219764022
libpng,-0.24762757358752296,0.00010586018855435048
graphicsmagick,0.7119548934206539,0.00042973765675329554
subversion,0.26606846894393094,0.0006993387511914908
bind,0.27681562121650105,0.0013708494023498042
tikiwiki,-0.37408737666653963,0.0015431081125245605
phpbb,-0.4810594884459427,0.0019342713523374472
ruby_on_rails,0.23828485247906922,0.0024110323209236536
phpmyadmin,0.19213175999888707,0.0033025259455573084
mediawiki,-0.18557412118515823,0.005131327866738121
ssh,-0.7419194420425975,0.0057344494584455705
freeradius,0.32905172023735174,0.007933042082776396
silverstripe,0.4430660948793493,0.008683356288117778
lighttpd,-0.3988147963564012,0.009799153574621525
revive_adserver,-0.8105353123547583,0.014678428055476261
glibc,-0.31730437548719037,0.017178303153367797
tomcat,-0.999539469522152,0.019321506166022226
vlc_media_player,-0.38891840153950646,0.023009959026112546
http_server,-0.17406509494541997,0.030850042990668916
wireshark,0.1677682258719647,0.045967991842703934
asterisk,-0.08028519075838267,0.08611552584017827
phpmyfaq,-0.25765924055270034,0.09130398299631091
joomla,0.17110546000581234,0.12668611151227036
drupal,0.41459277729961624,0.1404990834915791
ffmpeg,-0.10873808735922667,0.15084369296103559
keystone,-0.27875573471056786,0.15912865413725363
postgresql,-0.07289296169411741,0.19410623567155805
foreman,-0.1489296389184041,0.21513993842781348
jenkins,0.179685124379472,0.23212617007064973
dotclear,-0.2942981405207559,0.2515398799907763
libav,0.14928369638685798,0.3008051870920754
tcpdump,0.16619468331497922,0.38888963177659075
libgd,0.3616155109922768,0.42544077791166984
firebird,0.17913037182861555,0.4498546676273786
mahara,0.05725262516454405,0.5159900585502972
exponent_cms,-0.10498212271769392,0.5808749613184925
libarchive,0.28635202774434093,0.5822120312605605
glassfish_server,-0.25854575782761974,0.6745145066870439
ruby,-0.06366265435624743,0.6850553727928853
serendipity,0.11393454360282092,0.724410809100694
mariadb,0.034164322528499894,0.7280849054997443
dotcms,-0.158560388249829,0.7341905117183117
webmail,0.017949180135100735,0.8955376806853026
clamav,-0.0037643041179987184,0.9770304668824762
squid,,1.0
quagga,,1.0
