version_number,version_name,test_ratio,number_of_vulnerabilities
1,1.32,18.6887,1
2,1.33,19.3641,1
3,1.34,19.8027,2
4,1.35,21.0196,1
5,1.36,21.1963,1
6,1.37,21.1484,1
7,1.38,21.1286,1
8,1.409.1,24.1028,1
9,1.409.2,24.1942,1
10,1.42,24.0402,1
11,1.43,24.5275,1
12,1.437,23.5409,1
13,1.44,23.5512,1
14,1.45,23.8025,1
15,1.46,23.428,1
16,1.47,23.4655,1
17,1.48,23.4661,1
18,1.480.2,23.511,5
19,1.49,25.946,1
20,1.498,26.1358,1
21,1.50,26.1199,1
22,1.501,26.1091,6
23,1.51,25.7067,1
24,1.52,25.7099,1
25,1.523,26.0169,1
26,1.53,26.1418,1
27,1.532.1,26.5656,11
28,1.550,26.4174,11
29,1.565.2,28.9177,8
30,1.565.3,28.9652,1
31,1.580.3,19.8577,4
32,1.582,19.9499,8
33,1.585,20.0031,2
34,1.586,20.0125,1
35,1.596.1,22.798,3
36,1.599,20.1859,4
37,1.605,23.1533,3
38,1.625.1,24.0654,15
39,1.637,24.3748,11
40,1.639,24.9761,4
41,1.642.1,25.0657,5
42,1.649,22.8122,6
43,1.651.1,22.921,7
44,2.19.2,24.1737,1
45,2.2,24.1828,6
46,2.31,24.2216,1
