prid,code_ratio_of_pl,average_severity
20002,0.0005794617400332910328460536942,7.0
20003,0.0006756263378977183199271338148,5.648
20006,0.0007397470553186045963623632857,5.144999999999999
20008,0.0006555117801954901684419178530,5.475
20009,0.0005580927576829817264304222140,10.0
20013,0.0006687233014694414752994609892,5.468965517241379
20014,0.0006562978083834391946426984816,5.5894736842105255
20015,0.0005666208127108712552423706022,10.0
20016,0.0005688930079878014841700181088,7.266666666666667
20017,0.0005974300313599791205340575898,5.4624999999999995
20018,0.0006664685205460340952860431332,5.648
20023,0.0005785304011473199036177566052,5.5
20026,0.0006767811702385672873702162389,5.536363636363638
20028,0.0005694244343328600006218969931,7.266666666666667
20029,0.0006794234408043631506696842652,5.364864864864868
20030,0.0006032882297025082102792352858,6.683333333333334
20033,0.0005581866743885665080375070964,10.0
20035,0.0006084207087305256921045126959,5.0
20037,0.0007389280583341249418903276083,5.214285714285714
20039,0.0007389336489703686766110266722,5.138461538461537
20043,0.0006549271533244817581552959690,5.917647058823529
20045,0.0006803890060282930363462413732,5.351282051282054
20046,0.0005942437453986672444599784612,6.683333333333334
20047,0.0006551927190870534216862081560,5.5894736842105255
20048,0.0006565997990610398777932569666,5.652380952380952
20055,0.0007415850346621401013583914270,5.430434782608695
20057,0.0006803921659692453452351648964,5.3605263157894765
20058,0.0006529180012241284027501292466,5.606666666666666
20059,0.0005785764780687261970740749029,7.0
20062,0.0005669098768083554389488368673,10.0
20064,0.0007392673767782576334192587982,5.158823529411764
20067,0.0006057945384762234258473714789,5.4624999999999995
20068,0.0005795603121845467726270829391,7.0
20070,0.0006758491941324910463437250593,5.734615384615383
20071,0.0006645683745595060873404638975,5.334782608695651
20072,0.0006656816496787839912272397840,5.648
20073,0.0007411623347878327958009232910,5.430434782608695
20074,0.0006073789284426085646647807286,5.319047619047618
20075,0.0005785319242340375538959419178,7.0
20076,0.0005787886789197788355614612340,7.0
20079,0.0006769771545240788990302822124,5.319444444444446
20082,0.0006657940901117079777129404921,5.648
20083,0.0005811259033400525327238673499,7.0
20084,0.0006651758856714757596739957093,5.334782608695651
20086,0.0005669526584855204548005216738,10.0
20087,0.0006642851151011882314976946510,5.334782608695651
20088,0.0006652740565823532083011670678,5.648
20089,0.0006768463119961191064704659382,5.479411764705883
20090,0.0006664685205460340952860431332,5.734615384615383
20091,0.0006563477941412559017165846916,5.56
20092,0.0006032882297025082102792352858,6.700000000000001
20094,0.0006684995265745673576016153504,5.539285714285714
20096,0.0007406964231693885926009567539,5.373333333333333
20099,0.0006565326115209149330919324914,5.652380952380952
20100,0.0005834886647867577944526756839,5.833333333333333
20101,0.0005815988476535232384800089456,6.683333333333334
20102,0.0005785304011473199036177566052,5.5
20103,0.0007411392127567006067392235492,4.994999999999999
20104,0.0007411560854479609775840335249,5.2333333333333325
20106,0.0007404649344785408376098903876,4.889473684210525
20108,0.0007409780235528168123614354236,5.105882352941175
20109,0.0006566508119237030025899981399,5.622727272727272
20111,0.0006063319263765424732410338408,5.319047619047618
20112,0.0005677399686354347247591464911,8.9
20113,0.0006529364311787173921763507762,5.606666666666666
20115,0.0006690134145181238702311863762,5.464516129032258
20116,0.0007392922475241279253138207279,5.1499999999999995
20117,0.0006772405567703253066073715208,5.319444444444446
20118,0.0006761049585645345644238032019,5.45
20119,0.0005580513026276026522356335120,10.0
20120,0.0006062022977756720466258531832,5.4624999999999995
20122,0.0006530111316482327839818375243,5.606666666666666
20123,0.0007399650137133447933906560686,4.889473684210525
20125,0.0006748166709658399970519954306,5.515384615384614
20126,0.0007408206506074055095480741191,5.112499999999999
20127,0.0007416463536564683964998342053,5.168181818181818
20128,0.0007428987249018131292770555856,4.970833333333332
20129,0.0005794518082653955203562936443,7.0
20130,0.0006641987790530293584927901563,5.334782608695651
20132,0.0006764322240306587711096489709,5.45
20133,0.0007389342701573955215034916536,5.7299999999999995
20134,0.0006753294247714520811901163733,5.529166666666666
20135,0.0006699470444588748548066985558,5.32857142857143
20136,0.0005811305137154073632343384004,6.683333333333334
20137,0.0006779091092783314335425416887,5.347222222222224
20139,0.0005962572141017883646407940328,5.607142857142857
20140,0.0006530150126591306208322932639,5.662499999999999
20141,0.0007411342135883037385541559164,4.915789473684209
20142,0.0006570729530383457011058111711,5.6038461538461535
20143,0.0006528452615614513812244970715,6.0
20144,0.0007424638650692290539033834053,4.970833333333332
20146,0.0006065503295314105434870364531,5.334782608695651
20148,0.0005937985543470918057150577586,6.683333333333334
20150,0.0006698178842137107682178653155,5.493939393939395
20152,0.0007396443480316961584774265425,5.1499999999999995
20155,0.0005670495810348687109266390088,10.0
20157,0.0006529374012051486231117555474,5.606666666666666
20158,0.0007434548065748808696137587350,5.011999999999999
20160,0.0006028157461782236069229856593,6.683333333333334
20161,0.0007424400346640944512109627733,4.947999999999999
20162,0.0007383384109848628026116516353,4.930769230769229
20163,0.0005814399602054288896944232036,6.683333333333334
20164,0.0007383545361764322944010214324,5.042857142857142
20166,0.0006757447606718086819748352344,5.648
20167,0.0006028207071313209591638691625,6.683333333333334
20168,0.0006757447606718086819748352344,5.734615384615383
20169,0.0007434296549775956182476035177,4.970833333333332
20170,0.0007415800294775952559126032327,5.430434782608695
20171,0.0006753242363035563235010529373,5.515384615384614
20172,0.0007416250785709163161735858290,5.313043478260869
20176,0.0005980352602678027749108219889,5.319047619047618
20178,0.0005576887449655742988602593157,10.0
20179,0.0006779044039107140515932295937,5.319444444444446
20180,0.0005834886647867577944526756839,5.4624999999999995
20182,0.0005792715676512086609996026158,7.266666666666667
20183,0.0007399114463206451287058704692,4.889473684210525
20184,0.0007390672282120206467973333042,5.339999999999999
20189,0.0006693924673166652832047983027,5.464516129032258
20193,0.0006084207087305256921045126959,5.660869565217391
20194,0.0005786747492409419955918019102,7.0
20196,0.0006078001713457138332968007861,5.418181818181817
20197,0.0006641480921798262183604080091,5.4624999999999995
20201,0.0007387299559619457424278078462,5.128571428571427
20202,0.0006697520469725531191853864523,5.493939393939395
20204,0.0006570729530383457011058111711,5.025
20205,0.0006781376596304419775697675585,5.347222222222224
20206,0.0005698009391667811886605075442,7.266666666666667
20212,0.0006062495430713057056427417653,5.319047619047618
20214,0.0007393283130782047863728081943,5.1499999999999995
20215,0.0006550472170553727285734725998,5.917647058823529
20217,0.0006565218235621873305479081676,5.56
20218,0.0007414499183898980611801622080,5.105882352941175
20219,0.0006762812991679201080203576828,5.453333333333333
20225,0.0007397346044313384904364686635,5.1499999999999995
20226,0.0006684974929442713415352930932,5.734615384615383
20227,0.0007397420749134022076125266358,5.144999999999999
20229,0.0006654992038994164957492090099,5.648
20230,0.0006070936719981324444947861773,5.319047619047618
20232,0.0006803832128794452283773208692,5.364864864864868
20235,0.0007409767742979687626446548515,5.105882352941175
20238,0.0007392885168055671200801358474,5.158823529411764
20239,0.0005815988476535232384800089456,6.683333333333334
20242,0.0005980352602678027749108219889,7.5
20243,0.0005969322166150887350945210587,5.4624999999999995
20244,0.0006028471669269402728654992418,6.683333333333334
20247,0.0006054811543129683179747309776,5.515384615384614
20249,0.0006529097565812783512505933011,5.606666666666666
20250,0.0006528539894652093440562806188,5.606666666666666
20254,0.0005688834352016526743346199548,8.9
20257,0.0006694811787438583289475588309,5.464516129032258
20259,0.0007414636779803845320048283710,5.105882352941175
20261,0.0006550960360354989014658053284,5.917647058823529
20262,0.0007391430481452050302090034182,5.158823529411764
20264,0.0007428641936078184132285604661,4.988461538461537
20269,0.0006759167553535067699330081141,5.453333333333333
20271,0.0006758512727378973413441059464,5.539285714285714
20273,0.0007393351534940525155058515980,5.1499999999999995
20274,0.0006691860748392126291171311635,5.468965517241379
20275,0.0006642012885051617281021373831,5.334782608695651
20279,0.0005936934758557898959989517494,6.683333333333334
20280,0.0006551282605487574922375872200,5.655555555555555
20281,0.0005575253233202884670273561629,10.0
20283,0.0007409086962788513976538734184,5.112499999999999
20284,0.0007428641936078184132285604661,4.8999999999999995
20285,0.0005684500520594188746111711106,8.9
20286,0.0007399681283352232405553044098,4.889473684210525
20287,0.0006765045877631941483507603173,5.45
20288,0.0005936982877984532774982270102,6.683333333333334
20292,0.0006794313183054565523382408526,5.347222222222224
20294,0.0006699470444588748548066985558,6.25
20295,0.0006754269828085006980948963385,5.648
20297,0.0006570896534917325562880639179,5.570833333333333
20298,0.0006528481708367745883862840981,5.684615384615383
20300,0.0006651794092540909668787572421,5.529166666666666
20301,0.0007409030757170913443302792505,5.112499999999999
20305,0.0006637739513655317818592617988,5.515384615384614
20306,0.0007391163229509492473458240348,5.231249999999999
20307,0.0005942437453986672444599784612,6.683333333333334
20312,0.0005965538327056736409397453482,5.4624999999999995
20315,0.0005978079016738621246868139491,5.319047619047618
20320,0.0006783490881645447999796263755,5.347222222222224
20321,0.0005974925704279922890151092888,5.319047619047618
420014,0.005531681448294779189905824266,4.6
420024,0.005517175206294377278833237382,5.0
500106,0.0007947416351861845655693470049,7.805555555555557
540001,0.001562366692261752410203907516,6.3
540003,0.0005792295785330533174566879271,4.65
540011,0.0005446896477363776465317397908,5.0
540019,0.0005820625409314457466723438182,4.65
540020,0.0005828514365398119359221485535,4.766666666666667
540035,0.0005469703814605042581550857045,2.1
540042,0.001568836027186018618995944943,6.166666666666667
540048,0.0005823617917662390492463416880,4.65
540053,0.0005817420361235993352654140130,5.275
540055,0.0005264544877400189260088880371,4.3
540060,0.0005823926598647974446279743270,4.533333333333334
540080,0.0005824088669265310097936125848,4.65
540081,0.0005820455823137603124373009772,4.65
540095,0.0005447706664237200213445981247,6.875
540105,0.001551178295503877063384780453,6.3
540108,0.001542186430864782356966156113,5.871428571428572
540112,0.0005819893176158698356724360192,4.3
540115,0.001530007467271939245300753516,5.216666666666666
540124,0.0005273767954210014759350588574,4.3
570096,1.883740753498636743129710826,6.5
580001,0.0006410747971719092679784672484,5.535714285714286
580003,0.0006092086700012825445684237527,5.1947368421052635
580004,0.0008027223425665606612281267764,5.412500000000001
580005,0.0006763403836694540088539104771,5.204878048780489
580009,0.0006763557048500205495632813284,5.31904761904762
580012,0.0006402735101386850804018099215,5.453125
580014,0.0006377979187646861362873447466,5.805263157894737
580018,0.0006268671041739151299924416024,5.245454545454546
580019,0.0007665224088608523435780825937,5.3680851063829795
580021,0.0006392101931087636023317409150,5.6521739130434785
580022,0.0006289876008185867340796918262,5.239285714285715
580025,0.0006254264271093927677962246987,5.482758620689657
580026,0.0006290576475651857224982919128,5.325806451612904
580029,0.0006892594253753001081708571881,5.336956521739131
580031,0.0006231867204575204324736934697,5.152272727272728
580032,0.0007691203691777772053330585599,5.345833333333334
580033,0.0006231625649251906758183108418,5.176190476190477
580038,0.0006392786245415699337169005081,5.584
580039,0.0006399755033300160759396769502,5.5
580040,0.0006397404306769310825081498033,5.485185185185185
580041,0.0006999728718647746187827170335,5.426530612244899
580043,0.0007699789268925271518884746312,5.324489795918368
580044,0.0006215058879505174259545616748,5.1947368421052635
580045,0.0006117085106507524892731498013,5.406249999999999
580047,0.0006291655879537367619345788203,5.325806451612904
580048,0.0006263823869664510792358734288,5.370000000000001
580051,0.0006277878737815959028580868991,5.325806451612904
580053,0.0006263861415812503746328597974,5.325806451612904
580054,0.0008123255832031280365041238155,5.389795918367348
580055,0.0006278897197328614646954734859,5.325806451612904
580056,0.0006244006202180323314043636342,5.535714285714286
580058,0.0006257597441870213237363545453,5.284375000000001
580060,0.0008285792442881552813006711888,5.4857142857142875
580062,0.0008640648255333223085827683149,5.424000000000001
580063,0.0006407799733263838854567473518,5.535714285714286
580065,0.0006985924531959769096810206803,5.45
580067,0.0006746200823746626899588126687,5.311627906976745
580070,0.0006897575947591623900595699741,5.421276595744682
580071,0.0006982726938625505328923190004,5.45
580073,0.0006392023733064195491941156681,5.6521739130434785
580077,0.0006362330134917928985436656763,5.56
580078,0.0007154006243496357960457856400,5.3680851063829795
580080,0.0006397325978959225464418317779,5.485185185185185
580081,0.0006214504475037911450744848503,5.633333333333333
580083,0.0008598416903911662580018760182,5.412500000000001
580085,0.0006064598126068196260841557296,5.238235294117648
580088,0.0006774935978475801484651042173,5.421276595744682
580090,0.0007011234748887092283280721117,5.45
580093,0.0006764126181699316790891408265,5.311627906976745
580097,0.0007149454383744398453802209831,5.3680851063829795
580099,0.0006268332623522143109932757886,5.284375000000001
580104,0.0006768200468268797948166594883,5.421276595744682
580105,0.0006362562560124694049025218884,5.56
580106,0.0006841669367325627453098556048,5.421276595744682
580107,0.0006090719666613239301170059304,5.2
580108,0.0006749337983594910547051604986,5.321739130434784
1190002,0.001263744659242741223006126864,7.5
1190008,0.001263744659242741223006126864,4.3
1190012,0.001263744659242741223006126864,7.5
1190018,0.001263744659242741223006126864,7.5
1190026,0.001263744659242741223006126864,7.5
1190029,0.001263744659242741223006126864,4.3
1190033,0.001263744659242741223006126864,7.5
1190035,0.001263744659242741223006126864,4.3
1190042,0.001263744659242741223006126864,6.8
1190049,0.001263744659242741223006126864,4.3
1190050,0.001263744659242741223006126864,7.5
1400001,0.003302710824107017212190819502,5.42
1400003,0.002616006106828975011990731671,7.2
1400004,0.002953484056143526486656887395,5.375
1400005,0.001916325800953667967997730265,4.679999999999999
1400006,0.002147529301505350106891226047,4.329411764705882
1400007,0.003446153389792800676327069398,5.775
1400010,0.003304446389677213826196217415,5.42
1400011,0.003201881854900388194585119621,5.42
1400013,0.002617750908636155719844884035,4.125
1400015,0.002155376335108840243339066161,4.329411764705882
1400016,0.001919520578359357218772886472,4.440909090909091
1400017,0.003342811947225725049221413275,5.775
1400018,0.003313822640960473733302526977,5.42
1400019,0.002958625089293559021609996295,5.5
1400023,0.002750626985503420378316275342,4.329411764705882
1400024,0.002615103672794086612998984235,5.0
1400025,0.003186737903665468639742263057,4.666666666666667
1400026,0.001946292056054216400704133033,4.329411764705882
1400028,0.002676567335510912181290062833,4.329411764705882
1400029,0.001949272766474018505297474880,4.329411764705882
1400031,0.002148693074892149201696020271,4.329411764705882
1400032,0.001965046113251269647289657185,4.329411764705882
1400033,0.003374867369237506563452517642,5.775
1400034,0.002168147868897739191453942138,4.329411764705882
1400038,0.002157837426197270082584761405,4.329411764705882
1400039,0.003348918862045009700117900393,5.775
1400041,0.003186886514059127820415138774,5.166666666666667
1400042,0.002627854122711230669268696529,5.911111111111111
1400044,0.003342826375166260113182763475,5.775
1400046,0.003312743046768346800782739803,5.42
1400047,0.003194295223817193103291835678,5.42
1400048,0.003314671218425206623065461012,5.42
1400049,0.001993131481054957158610289397,4.329411764705882
1400050,0.003302025554991835533973131872,5.42
1400052,0.002967196105036315747465879160,5.166666666666667
1400053,0.003193919799416063210332712007,5.5
1400054,0.001904689298326726147732079444,5.0
1400056,0.001997354912388457377512113289,4.329411764705882
1400058,0.002594106850183770168943511328,7.5
1400059,0.002669180187755889772680277360,4.329411764705882
1400060,0.002969408763685670797554950356,5.5
1400061,0.002177407905297984386574947205,4.329411764705882
1400062,0.002959567229368689345430598881,5.166666666666667
1400063,0.003197876065270529166941930369,5.166666666666667
1400064,0.001949166476517724118491872810,4.329411764705882
1400065,0.001949166476517724118491872810,4.329411764705882
1400066,0.001949166476517724118491872810,5.42
1400068,0.001949166476517724118491872810,6.466666666666666
1400070,0.002174434878553109413800993586,4.329411764705882
1400071,0.001898557308894089346180496542,5.0
1400072,0.002959966877926048600273894073,5.5
1400076,0.003227885821613984587835031209,5.42
1400078,0.003284454078780249737250741600,5.0
1400080,0.003339098493705149052269430111,5.775
1400081,0.003413708902529685383419673894,5.775
1400082,0.002805937453015492131962990850,4.329411764705882
1400083,0.002616231444433372236193847718,4.8
1400084,0.001950568800469446125768243716,4.329411764705882
1400085,0.003181290425048332064559589465,5.0
1400086,0.001904886832013740436111276217,4.389473684210526
1400087,0.003443344497465840718456385785,5.775
1400089,0.002150302786879404893176640873,4.329411764705882
1400090,0.002945145010523807381051823018,5.0
1400091,0.002183903778524805189861460513,4.329411764705882
1400092,0.001950414888125007869653357509,4.3545454545454545
1400093,0.002164574756782287657871422303,4.329411764705882
1400094,0.001892332125259600114020442236,6.466666666666666
1400095,0.002617494347631637942008446728,4.3
1400098,0.003335568051474124404414118633,5.42
1400100,0.003313213068048134633236510795,5.42
1400101,0.003342564286998741233591080741,6.0
1400103,0.003337513304806105343899611737,5.0
1400104,0.003339734431102435771020850522,5.775
1400105,0.003350744417589136867850735765,5.775
1400106,0.002167844433953286148001216643,4.329411764705882
1400110,0.003331863498994418214473924780,5.0
1400111,0.001917388489644988114832054180,5.325
1400112,0.002483151759206417400337285429,4.329411764705882
1400113,0.003295847529993843779522197856,5.5
1400115,0.003290107163895056413974353165,4.666666666666667
1400116,0.003197132419211690482906659145,5.166666666666667
1400117,0.002616169583186254722701224651,4.016666666666667
1400118,0.002620982865754577413749246333,4.3
1420001,0.0002511747922235827126591809530,4.58
1420002,0.0002486235898248179518111478971,5.0
1420003,0.0002486235898248179518111478971,5.233333333333333
1420004,0.0003057559337174008171579516370,4.533333333333333
1420005,0.0003057559337174008171579516370,4.7
1420006,0.0003057559337174008171579516370,4.7
1420008,0.0003057559337174008171579516370,4.7
1420009,0.0003057559337174008171579516370,4.65
1420010,0.0003057559337174008171579516370,5.0
1420011,0.0002531762968228534956042661502,5.0
1420012,0.0002531762968228534956042661502,4.7
1420013,0.0002963860569072155936762961632,5.175
1420014,0.0002963860569072155936762961632,4.58
1420015,0.0002963860569072155936762961632,4.3
1420016,0.0002493205377154750619897650941,5.0
1420017,0.0002581962626458155315479703101,5.0
1420018,0.0002581962626458155315479703101,4.86
1420019,0.0002581962626458155315479703101,5.0
1420020,0.0002581962626458155315479703101,4.7
1420021,0.0002581962626458155315479703101,4.65
1420022,0.0002581962626458155315479703101,4.7
1420024,0.0002581962626458155315479703101,5.35
1420025,0.0002581962626458155315479703101,4.533333333333333
1420026,0.0002581962626458155315479703101,4.58
1420027,0.0002581962626458155315479703101,4.7
1420028,0.0003225392165856343454728923952,4.533333333333333
1420029,0.0003225392165856343454728923952,5.0
1420030,0.0002481941685947127583097045332,5.0
1420031,0.0002481941685947127583097045332,4.533333333333333
1420032,0.0002481941685947127583097045332,4.3
1420033,0.0002481941685947127583097045332,4.700000000000001
1420034,0.0002481941685947127583097045332,4.65
1420035,0.0002481941685947127583097045332,4.3
1420036,0.0002481941685947127583097045332,4.65
1420037,0.0002529708243193890481188496648,5.0
1420038,0.0002529708243193890481188496648,4.65
1420039,0.0002516532818994869880365919332,5.0
1420040,0.0002516532818994869880365919332,5.0
1420041,0.0002516532818994869880365919332,4.65
1420042,0.0003191926278486307943538854894,5.0
1420043,0.0003191926278486307943538854894,4.533333333333333
1420044,0.0003191926278486307943538854894,4.700000000000001
1420045,0.0003191926278486307943538854894,4.3
1420046,0.0003191926278486307943538854894,4.533333333333333
1420047,0.0003191926278486307943538854894,4.825
1420048,0.0003191926278486307943538854894,5.0
1420049,0.0003191926278486307943538854894,4.825
1420050,0.0003191926278486307943538854894,5.057142857142857
1420051,0.0003191926278486307943538854894,5.233333333333333
1420052,0.0003191926278486307943538854894,4.58
1420053,0.0003191926278486307943538854894,5.0
1420054,0.0002493627632458010459618977102,5.0
1420055,0.0002493627632458010459618977102,5.0
1420056,0.0002493627632458010459618977102,4.3
1420057,0.0002493627632458010459618977102,5.35
1420058,0.0002493627632458010459618977102,5.0
1420059,0.0002493627632458010459618977102,4.65
1420060,0.0002493627632458010459618977102,6.4
1420061,0.0002493627632458010459618977102,5.0
1420062,0.0002589603522567849674546642619,5.0
1420063,0.0002589603522567849674546642619,4.825
1420064,0.0002581836734514046337360587425,5.0
1420065,0.0002581836734514046337360587425,4.65
1420066,0.0003225398083475063709868287071,4.533333333333333
1420067,0.0003225398083475063709868287071,4.65
1420068,0.0003225398083475063709868287071,4.7
1420069,0.0003225398083475063709868287071,4.533333333333333
1420070,0.0003225398083475063709868287071,4.58
1420071,0.0003225398083475063709868287071,5.0
1420072,0.0003324705740847697839849037935,5.0
1420073,0.0003324705740847697839849037935,4.3
1420074,0.0003324705740847697839849037935,5.0
1420075,0.0003324705740847697839849037935,5.0
1420076,0.0003324705740847697839849037935,5.0
1420077,0.0003324705740847697839849037935,5.0
1420078,0.0003324705740847697839849037935,5.0
1420079,0.0003324705740847697839849037935,4.533333333333333
1420080,0.0003324705740847697839849037935,5.0
1420081,0.0002590423155494938802358080765,5.0
1420082,0.0002590423155494938802358080765,4.58
1420083,0.0002590423155494938802358080765,5.175
1420084,0.0002590423155494938802358080765,4.7
1420085,0.0002590423155494938802358080765,4.3
1420087,0.0002590423155494938802358080765,4.65
1420088,0.0002590423155494938802358080765,4.3
1420089,0.0002590423155494938802358080765,5.0
1420090,0.0002590423155494938802358080765,5.0
1420091,0.0002492593113523863105311633689,5.0
1420092,0.0002492593113523863105311633689,4.3
1420093,0.0002598601248925009807576386017,5.0
1420094,0.0002598601248925009807576386017,4.7
1420095,0.0002598601248925009807576386017,4.7
1420096,0.0002598601248925009807576386017,5.0
1420097,0.0002598601248925009807576386017,5.0
1420098,0.0002598601248925009807576386017,4.533333333333333
1420099,0.0002481825358551765964151035026,5.0
1420100,0.0002481825358551765964151035026,5.0
1420101,0.0002481825358551765964151035026,4.7
1420102,0.0002969069284105000261976701539,5.175
1420103,0.0002969069284105000261976701539,5.35
1420104,0.0002518531549979957760873595217,5.0
1420105,0.0002518531549979957760873595217,4.65
1420106,0.0002518531549979957760873595217,5.0
1420107,0.0002968660171085413646505152999,5.175
1420108,0.0002968660171085413646505152999,6.4
1420109,0.0002968660171085413646505152999,5.0
1420110,0.0002968660171085413646505152999,5.0
1420111,0.0002968660171085413646505152999,5.0
1420112,0.0002968660171085413646505152999,4.65
1420113,0.0002968660171085413646505152999,5.0
1420114,0.0002968660171085413646505152999,4.7
1420115,0.0002531281776009496194294162588,5.0
1420117,0.0002601061138252761593068571547,5.0
1420118,0.0002601061138252761593068571547,6.4
1420119,0.0002601061138252761593068571547,5.233333333333333
1420120,0.0002601061138252761593068571547,4.7
1420121,0.0002601061138252761593068571547,4.65
1420122,0.0002601061138252761593068571547,4.7
1420123,0.0002601061138252761593068571547,4.3
1420124,0.0002601061138252761593068571547,5.0
1420125,0.0002601061138252761593068571547,4.7
1420126,0.0002601061138252761593068571547,5.0
1420127,0.0002601061138252761593068571547,4.58
1420128,0.0002601061138252761593068571547,5.0
1420129,0.0002601061138252761593068571547,5.0
1420130,0.0002601061138252761593068571547,6.4
1420131,0.0002601061138252761593068571547,4.65
1420132,0.0002601061138252761593068571547,4.58
1420133,0.0002601061138252761593068571547,4.3
1420134,0.0002601061138252761593068571547,5.0
1420136,0.0002601061138252761593068571547,4.7
1420137,0.0002601061138252761593068571547,4.65
1420138,0.0002601061138252761593068571547,4.65
1420139,0.0002601061138252761593068571547,5.35
1420140,0.0002601061138252761593068571547,4.3
1420141,0.0002601061138252761593068571547,6.4
1420142,0.0002601061138252761593068571547,5.0
1420143,0.0002601061138252761593068571547,4.3
1420144,0.0002601061138252761593068571547,4.3
1420145,0.0002601061138252761593068571547,4.3
1420146,0.0002601061138252761593068571547,5.0
1420147,0.0002601061138252761593068571547,4.3
1420148,0.0002601061138252761593068571547,4.7375
1420149,0.0002601061138252761593068571547,5.233333333333333
1420150,0.0002601061138252761593068571547,4.700000000000001
1420151,0.0002601061138252761593068571547,4.700000000000001
1420152,0.0002590973684373422092604759787,5.0
1420153,0.0002590973684373422092604759787,4.65
1420154,0.0002590973684373422092604759787,4.58
1420155,0.0002590973684373422092604759787,4.65
1420156,0.0002590973684373422092604759787,4.65
1420157,0.0002590973684373422092604759787,4.533333333333333
1420158,0.0002590973684373422092604759787,5.0
1420159,0.0002590973684373422092604759787,4.65
1420160,0.0002590973684373422092604759787,5.0
1420161,0.0002590973684373422092604759787,5.0
1420162,0.0002496150702755875325365718735,5.0
1420163,0.0002496150702755875325365718735,4.3
1420164,0.0002496150702755875325365718735,5.233333333333333
1420165,0.0002496150702755875325365718735,5.0
1420166,0.0002496150702755875325365718735,4.3
1420167,0.0003184729529870154338007410021,4.533333333333333
1420168,0.0003184729529870154338007410021,4.700000000000001
1420169,0.0003184729529870154338007410021,5.0
1420170,0.0003184729529870154338007410021,5.0
1420171,0.0003184729529870154338007410021,4.65
1420172,0.0003184729529870154338007410021,4.3
1420173,0.0003184729529870154338007410021,5.0
1420174,0.0003184729529870154338007410021,4.7
1420175,0.0003184729529870154338007410021,4.65
1420176,0.0002601683961402730909810953178,5.0
1420177,0.0002601683961402730909810953178,5.0
1420178,0.0002601683961402730909810953178,5.0
1420179,0.0002601683961402730909810953178,5.533333333333334
1420180,0.0002601683961402730909810953178,4.825
1420181,0.0002601683961402730909810953178,4.533333333333333
1420182,0.0002601683961402730909810953178,4.3
1420183,0.0002601683961402730909810953178,4.65
1420184,0.0002601683961402730909810953178,4.58
1420185,0.0002601683961402730909810953178,4.58
1420186,0.0002601683961402730909810953178,4.65
1420187,0.0002601683961402730909810953178,6.4
1420188,0.0002601683961402730909810953178,6.8
1420189,0.0002968660171085413646505152999,5.175
1420190,0.0002968660171085413646505152999,4.825
1420191,0.0002968660171085413646505152999,5.0
1420192,0.0002968660171085413646505152999,4.3
1420193,0.0002968660171085413646505152999,4.533333333333333
1420194,0.0002968660171085413646505152999,5.0
1420195,0.0002492361295415416232842686919,5.0
1420196,0.0002492361295415416232842686919,4.86
1420197,0.0002492361295415416232842686919,6.4
1420198,0.0002530686371663683009507204251,5.0
1420199,0.0002533773558473094437977893042,5.0
1420200,0.0002601071913868122398928086132,5.0
1420201,0.0002601071913868122398928086132,4.65
1420202,0.0002601071913868122398928086132,5.35
1420203,0.0002601071913868122398928086132,6.4
1420204,0.0002601071913868122398928086132,4.65
1420205,0.0002601071913868122398928086132,5.0
1420206,0.0002601071913868122398928086132,5.0
1420207,0.0002601071913868122398928086132,4.533333333333333
1420208,0.0002601071913868122398928086132,5.0
1420209,0.0002601071913868122398928086132,5.0
1420210,0.0003191973801847786062949064232,5.0
1420211,0.0003191973801847786062949064232,4.825
1420213,0.0003191973801847786062949064232,4.58
1420214,0.0003191973801847786062949064232,4.3
1420215,0.0002493036373655951337291371286,5.0
1420216,0.0002493036373655951337291371286,5.0
1420217,0.0002493036373655951337291371286,5.0
1420218,0.0002493036373655951337291371286,5.0
1420219,0.0002493036373655951337291371286,5.35
1420220,0.0002493036373655951337291371286,5.0
1420221,0.0002493036373655951337291371286,4.700000000000001
1420222,0.0002493036373655951337291371286,5.0
1420223,0.0002493036373655951337291371286,4.3
1420224,0.0002493036373655951337291371286,5.0
1420225,0.0002493036373655951337291371286,4.58
1420226,0.0002493036373655951337291371286,7.8
1420227,0.0002493036373655951337291371286,7.1
1420228,0.0002493036373655951337291371286,4.533333333333333
1420229,0.0002493036373655951337291371286,5.35
1420230,0.0002493036373655951337291371286,5.233333333333333
1420231,0.0002493036373655951337291371286,5.0
1420232,0.0002493036373655951337291371286,5.0
1420233,0.0002493036373655951337291371286,5.0
1420234,0.0002493036373655951337291371286,5.0
1420235,0.0002493036373655951337291371286,5.0
1420236,0.0002493036373655951337291371286,5.0
1420237,0.0002493036373655951337291371286,5.233333333333333
1420238,0.0002493036373655951337291371286,4.7
1420239,0.0002493036373655951337291371286,5.28
1420240,0.0002493036373655951337291371286,4.7
1420241,0.0002493629754705130409176557497,5.0
1420242,0.0002493629754705130409176557497,4.65
1420243,0.0002493629754705130409176557497,4.3
